,time_interval,command_address,respond_address,command_memory,respond_memory,command_memory_count,respond_memory_count,command_length,respond_length,command_TCP_checksum,respond_TCP_checksum,command_function_code,respond_function_code,measurement
1,0.027590000,192.168.2.102,192.168.2.101,0,0,152,152,66,215,34370,64886,3,3,"[1.0, 2.0, 3.0, 4.0, 5.0, 6.0, 7.0, 8.0, 9.0, 10.0, 11.0, 12.0, 13.0, 14.0, 15.0, 16.0, 17.0, 18.0, 19.0, 20.0, 21.0, 22.0, 23.0, 24.0, 25.0, 26.0, 27.0, 28.0, 29.0, 30.0, 31.0, 32.0, 33.0, 34.0, 1.0, 0.0, 0.0, 0.0]"
2,0.012030000,192.168.2.102,192.168.2.101,100,100,82,82,66,145,34370,24609,3,3,"[15.0, 1.0, 500.0, 500.0, 0.5, 5000.0, 500.0, 500.0, 3.0, 3000.0, 500.0, 500.0, 1.0, 0.0, 0.0, 0.0, 0.0, 0.0, 0.0, 0.0, 0.0]"
3,0.017639000,192.168.2.102,192.168.2.101,200,200,8,8,66,71,34370,57328,3,3,"[1.0, 6.0]"
4,0.037931000,192.168.2.102,192.168.2.101,300,300,2,2,66,65,34370,9055,3,3,[0.0]
5,0.034113000,192.168.2.102,192.168.2.101,0,0,152,152,66,215,34370,63534,3,3,"[1.0, 2.0, 3.0, 4.0, 5.0, 6.0, 7.0, 8.0, 9.0, 10.0, 11.0, 12.0, 13.0, 14.0, 15.0, 16.0, 17.0, 18.0, 19.0, 20.0, 21.0, 22.0, 23.0, 24.0, 25.0, 26.0, 27.0, 28.0, 29.0, 30.0, 31.0, 32.0, 33.0, 34.0, 1.0, 0.0, 0.0, 0.0]"
6,0.020401000,192.168.2.102,192.168.2.101,100,100,82,82,66,145,34370,23257,3,3,"[15.0, 1.0, 500.0, 500.0, 0.5, 5000.0, 500.0, 500.0, 3.0, 3000.0, 500.0, 500.0, 1.0, 0.0, 0.0, 0.0, 0.0, 0.0, 0.0, 0.0, 0.0]"
7,0.033258000,192.168.2.102,192.168.2.101,200,200,8,8,66,71,34370,55976,3,3,"[1.0, 6.0]"
8,0.013555000,192.168.2.102,192.168.2.101,300,300,2,2,66,65,34370,7703,3,3,[0.0]
9,0.029021000,192.168.2.102,192.168.2.101,0,0,152,152,66,215,34370,62182,3,3,"[1.0, 2.0, 3.0, 4.0, 5.0, 6.0, 7.0, 8.0, 9.0, 10.0, 11.0, 12.0, 13.0, 14.0, 15.0, 16.0, 17.0, 18.0, 19.0, 20.0, 21.0, 22.0, 23.0, 24.0, 25.0, 26.0, 27.0, 28.0, 29.0, 30.0, 31.0, 32.0, 33.0, 34.0, 1.0, 0.0, 0.0, 0.0]"
10,0.023600000,192.168.2.102,192.168.2.101,100,100,82,82,66,145,34370,21905,3,3,"[15.0, 1.0, 500.0, 500.0, 0.5, 5000.0, 500.0, 500.0, 3.0, 3000.0, 500.0, 500.0, 1.0, 0.0, 0.0, 0.0, 0.0, 0.0, 0.0, 0.0, 0.0]"
11,0.051415000,192.168.2.102,192.168.2.101,200,200,8,8,66,71,34370,54624,3,3,"[1.0, 6.0]"
12,0.017392000,192.168.2.102,192.168.2.101,300,300,2,2,66,65,34370,6351,3,3,[0.0]
13,0.039197000,192.168.2.102,192.168.2.101,0,0,152,152,66,215,34370,60830,3,3,"[1.0, 2.0, 3.0, 4.0, 5.0, 6.0, 7.0, 8.0, 9.0, 10.0, 11.0, 12.0, 13.0, 14.0, 15.0, 16.0, 17.0, 18.0, 19.0, 20.0, 21.0, 22.0, 23.0, 24.0, 25.0, 26.0, 27.0, 28.0, 29.0, 30.0, 31.0, 32.0, 33.0, 34.0, 1.0, 0.0, 0.0, 0.0]"
14,0.018321000,192.168.2.102,192.168.2.101,100,100,82,82,66,145,34370,20553,3,3,"[15.0, 1.0, 500.0, 500.0, 0.5, 5000.0, 500.0, 500.0, 3.0, 3000.0, 500.0, 500.0, 1.0, 0.0, 0.0, 0.0, 0.0, 0.0, 0.0, 0.0, 0.0]"
15,0.022371000,192.168.2.102,192.168.2.101,200,200,8,8,66,71,34370,53272,3,3,"[1.0, 6.0]"
16,0.019885000,192.168.2.102,192.168.2.101,300,300,2,2,66,65,34370,4999,3,3,[0.0]
17,0.012348000,192.168.2.102,192.168.2.101,0,0,152,152,66,215,34370,59478,3,3,"[1.0, 2.0, 3.0, 4.0, 5.0, 6.0, 7.0, 8.0, 9.0, 10.0, 11.0, 12.0, 13.0, 14.0, 15.0, 16.0, 17.0, 18.0, 19.0, 20.0, 21.0, 22.0, 23.0, 24.0, 25.0, 26.0, 27.0, 28.0, 29.0, 30.0, 31.0, 32.0, 33.0, 34.0, 1.0, 0.0, 0.0, 0.0]"
18,0.021975000,192.168.2.102,192.168.2.101,100,100,82,82,66,145,34370,19201,3,3,"[15.0, 1.0, 500.0, 500.0, 0.5, 5000.0, 500.0, 500.0, 3.0, 3000.0, 500.0, 500.0, 1.0, 0.0, 0.0, 0.0, 0.0, 0.0, 0.0, 0.0, 0.0]"
19,0.012156000,192.168.2.102,192.168.2.101,200,200,8,8,66,71,34370,51920,3,3,"[1.0, 6.0]"
20,0.018337000,192.168.2.102,192.168.2.101,300,300,2,2,66,65,34370,3647,3,3,[0.0]
21,0.024491000,192.168.2.102,192.168.2.101,0,0,152,152,66,215,34370,58126,3,3,"[1.0, 2.0, 3.0, 4.0, 5.0, 6.0, 7.0, 8.0, 9.0, 10.0, 11.0, 12.0, 13.0, 14.0, 15.0, 16.0, 17.0, 18.0, 19.0, 20.0, 21.0, 22.0, 23.0, 24.0, 25.0, 26.0, 27.0, 28.0, 29.0, 30.0, 31.0, 32.0, 33.0, 34.0, 1.0, 0.0, 0.0, 0.0]"
22,0.028798000,192.168.2.102,192.168.2.101,100,100,82,82,66,145,34370,17849,3,3,"[15.0, 1.0, 500.0, 500.0, 0.5, 5000.0, 500.0, 500.0, 3.0, 3000.0, 500.0, 500.0, 1.0, 0.0, 0.0, 0.0, 0.0, 0.0, 0.0, 0.0, 0.0]"
23,0.026669000,192.168.2.102,192.168.2.101,200,200,8,8,66,71,34370,50568,3,3,"[1.0, 6.0]"
24,0.043092000,192.168.2.102,192.168.2.101,300,300,2,2,66,65,34370,2295,3,3,[0.0]
25,0.014469000,192.168.2.102,192.168.2.101,0,0,152,152,66,215,34370,56774,3,3,"[1.0, 2.0, 3.0, 4.0, 5.0, 6.0, 7.0, 8.0, 9.0, 10.0, 11.0, 12.0, 13.0, 14.0, 15.0, 16.0, 17.0, 18.0, 19.0, 20.0, 21.0, 22.0, 23.0, 24.0, 25.0, 26.0, 27.0, 28.0, 29.0, 30.0, 31.0, 32.0, 33.0, 34.0, 1.0, 0.0, 0.0, 0.0]"
26,0.019603000,192.168.2.102,192.168.2.101,100,100,82,82,66,145,34370,16497,3,3,"[15.0, 1.0, 500.0, 500.0, 0.5, 5000.0, 500.0, 500.0, 3.0, 3000.0, 500.0, 500.0, 1.0, 0.0, 0.0, 0.0, 0.0, 0.0, 0.0, 0.0, 0.0]"
27,0.019216000,192.168.2.102,192.168.2.101,200,200,8,8,66,71,34370,49216,3,3,"[1.0, 6.0]"
28,0.019228000,192.168.2.102,192.168.2.101,300,300,2,2,66,65,34370,943,3,3,[0.0]
29,0.033161000,192.168.2.102,192.168.2.101,0,0,152,152,66,215,34370,55422,3,3,"[1.0, 2.0, 3.0, 4.0, 5.0, 6.0, 7.0, 8.0, 9.0, 10.0, 11.0, 12.0, 13.0, 14.0, 15.0, 16.0, 17.0, 18.0, 19.0, 20.0, 21.0, 22.0, 23.0, 24.0, 25.0, 26.0, 27.0, 28.0, 29.0, 30.0, 31.0, 32.0, 33.0, 34.0, 1.0, 0.0, 0.0, 0.0]"
30,0.017860000,192.168.2.102,192.168.2.101,100,100,82,82,66,145,34370,15145,3,3,"[15.0, 1.0, 500.0, 500.0, 0.5, 5000.0, 500.0, 500.0, 3.0, 3000.0, 500.0, 500.0, 1.0, 0.0, 0.0, 0.0, 0.0, 0.0, 0.0, 0.0, 0.0]"
31,0.039293000,192.168.2.102,192.168.2.101,200,200,8,8,66,71,34370,47864,3,3,"[1.0, 6.0]"
32,0.020592000,192.168.2.102,192.168.2.101,300,300,2,2,66,65,34370,65126,3,3,[0.0]
33,0.050440000,192.168.2.102,192.168.2.101,0,0,152,152,66,215,34370,54070,3,3,"[1.0, 2.0, 3.0, 4.0, 5.0, 6.0, 7.0, 8.0, 9.0, 10.0, 11.0, 12.0, 13.0, 14.0, 15.0, 16.0, 17.0, 18.0, 19.0, 20.0, 21.0, 22.0, 23.0, 24.0, 25.0, 26.0, 27.0, 28.0, 29.0, 30.0, 31.0, 32.0, 33.0, 34.0, 1.0, 0.0, 0.0, 0.0]"
34,0.029068000,192.168.2.102,192.168.2.101,100,100,82,82,66,145,34370,13793,3,3,"[15.0, 1.0, 500.0, 500.0, 0.5, 5000.0, 500.0, 500.0, 3.0, 3000.0, 500.0, 500.0, 1.0, 0.0, 0.0, 0.0, 0.0, 0.0, 0.0, 0.0, 0.0]"
35,0.055901000,192.168.2.102,192.168.2.101,200,200,8,8,66,71,34370,46512,3,3,"[1.0, 6.0]"
36,0.021320000,192.168.2.102,192.168.2.101,300,300,2,2,66,65,34370,63774,3,3,[0.0]
37,0.022570000,192.168.2.102,192.168.2.101,0,0,152,152,66,215,34370,52718,3,3,"[1.0, 2.0, 3.0, 4.0, 5.0, 6.0, 7.0, 8.0, 9.0, 10.0, 11.0, 12.0, 13.0, 14.0, 15.0, 16.0, 17.0, 18.0, 19.0, 20.0, 21.0, 22.0, 23.0, 24.0, 25.0, 26.0, 27.0, 28.0, 29.0, 30.0, 31.0, 32.0, 33.0, 34.0, 1.0, 0.0, 0.0, 0.0]"
38,0.022022000,192.168.2.102,192.168.2.101,100,100,82,82,66,145,34370,12441,3,3,"[15.0, 1.0, 500.0, 500.0, 0.5, 5000.0, 500.0, 500.0, 3.0, 3000.0, 500.0, 500.0, 1.0, 0.0, 0.0, 0.0, 0.0, 0.0, 0.0, 0.0, 0.0]"
39,0.018369000,192.168.2.102,192.168.2.101,200,200,8,8,66,71,34370,45160,3,3,"[1.0, 6.0]"
40,0.012819000,192.168.2.102,192.168.2.101,300,300,2,2,66,65,34370,62422,3,3,[0.0]
41,0.046584000,192.168.2.102,192.168.2.101,0,0,152,152,66,215,34370,51366,3,3,"[1.0, 2.0, 3.0, 4.0, 5.0, 6.0, 7.0, 8.0, 9.0, 10.0, 11.0, 12.0, 13.0, 14.0, 15.0, 16.0, 17.0, 18.0, 19.0, 20.0, 21.0, 22.0, 23.0, 24.0, 25.0, 26.0, 27.0, 28.0, 29.0, 30.0, 31.0, 32.0, 33.0, 34.0, 1.0, 0.0, 0.0, 0.0]"
42,0.015917000,192.168.2.102,192.168.2.101,100,100,82,82,66,145,34370,11089,3,3,"[15.0, 1.0, 500.0, 500.0, 0.5, 5000.0, 500.0, 500.0, 3.0, 3000.0, 500.0, 500.0, 1.0, 0.0, 0.0, 0.0, 0.0, 0.0, 0.0, 0.0, 0.0]"
43,0.017200000,192.168.2.102,192.168.2.101,200,200,8,8,66,71,34370,43808,3,3,"[1.0, 6.0]"
44,0.018493000,192.168.2.102,192.168.2.101,300,300,2,2,66,65,34370,61070,3,3,[0.0]
45,0.010618000,192.168.2.102,192.168.2.101,0,0,152,152,66,215,34370,50014,3,3,"[1.0, 2.0, 3.0, 4.0, 5.0, 6.0, 7.0, 8.0, 9.0, 10.0, 11.0, 12.0, 13.0, 14.0, 15.0, 16.0, 17.0, 18.0, 19.0, 20.0, 21.0, 22.0, 23.0, 24.0, 25.0, 26.0, 27.0, 28.0, 29.0, 30.0, 31.0, 32.0, 33.0, 34.0, 1.0, 0.0, 0.0, 0.0]"
46,0.017331000,192.168.2.102,192.168.2.101,100,100,82,82,66,145,34370,9737,3,3,"[15.0, 1.0, 500.0, 500.0, 0.5, 5000.0, 500.0, 500.0, 3.0, 3000.0, 500.0, 500.0, 1.0, 0.0, 0.0, 0.0, 0.0, 0.0, 0.0, 0.0, 0.0]"
47,0.019331000,192.168.2.102,192.168.2.101,200,200,8,8,66,71,34370,42456,3,3,"[1.0, 6.0]"
48,0.054051000,192.168.2.102,192.168.2.101,300,300,2,2,66,65,34370,59718,3,3,[0.0]
49,0.014649000,192.168.2.102,192.168.2.101,0,0,152,152,66,215,34370,48662,3,3,"[1.0, 2.0, 3.0, 4.0, 5.0, 6.0, 7.0, 8.0, 9.0, 10.0, 11.0, 12.0, 13.0, 14.0, 15.0, 16.0, 17.0, 18.0, 19.0, 20.0, 21.0, 22.0, 23.0, 24.0, 25.0, 26.0, 27.0, 28.0, 29.0, 30.0, 31.0, 32.0, 33.0, 34.0, 1.0, 0.0, 0.0, 0.0]"
50,0.034349000,192.168.2.102,192.168.2.101,100,100,82,82,66,145,34370,8385,3,3,"[15.0, 1.0, 500.0, 500.0, 0.5, 5000.0, 500.0, 500.0, 3.0, 3000.0, 500.0, 500.0, 1.0, 0.0, 0.0, 0.0, 0.0, 0.0, 0.0, 0.0, 0.0]"
51,0.018895000,192.168.2.102,192.168.2.101,200,200,8,8,66,71,34370,41104,3,3,"[1.0, 6.0]"
52,0.019171000,192.168.2.102,192.168.2.101,300,300,2,2,66,65,34370,58366,3,3,[0.0]
53,0.034999000,192.168.2.102,192.168.2.101,0,0,152,152,66,215,34370,47310,3,3,"[1.0, 2.0, 3.0, 4.0, 5.0, 6.0, 7.0, 8.0, 9.0, 10.0, 11.0, 12.0, 13.0, 14.0, 15.0, 16.0, 17.0, 18.0, 19.0, 20.0, 21.0, 22.0, 23.0, 24.0, 25.0, 26.0, 27.0, 28.0, 29.0, 30.0, 31.0, 32.0, 33.0, 34.0, 1.0, 0.0, 0.0, 0.0]"
54,0.023989000,192.168.2.102,192.168.2.101,100,100,82,82,66,145,34370,7033,3,3,"[15.0, 1.0, 500.0, 500.0, 0.5, 5000.0, 500.0, 500.0, 3.0, 3000.0, 500.0, 500.0, 1.0, 0.0, 0.0, 0.0, 0.0, 0.0, 0.0, 0.0, 0.0]"
55,0.015646000,192.168.2.102,192.168.2.101,200,200,8,8,66,71,34370,39752,3,3,"[1.0, 6.0]"
56,0.020090000,192.168.2.102,192.168.2.101,300,300,2,2,66,65,34370,57014,3,3,[0.0]
57,0.019320000,192.168.2.102,192.168.2.101,0,0,152,152,66,215,34370,45958,3,3,"[1.0, 2.0, 3.0, 4.0, 5.0, 6.0, 7.0, 8.0, 9.0, 10.0, 11.0, 12.0, 13.0, 14.0, 15.0, 16.0, 17.0, 18.0, 19.0, 20.0, 21.0, 22.0, 23.0, 24.0, 25.0, 26.0, 27.0, 28.0, 29.0, 30.0, 31.0, 32.0, 33.0, 34.0, 1.0, 0.0, 0.0, 0.0]"
58,0.021753000,192.168.2.102,192.168.2.101,100,100,82,82,66,145,34370,5681,3,3,"[15.0, 1.0, 500.0, 500.0, 0.5, 5000.0, 500.0, 500.0, 3.0, 3000.0, 500.0, 500.0, 1.0, 0.0, 0.0, 0.0, 0.0, 0.0, 0.0, 0.0, 0.0]"
59,0.044657000,192.168.2.102,192.168.2.101,200,200,8,8,66,71,34370,38400,3,3,"[1.0, 6.0]"
60,0.030273000,192.168.2.102,192.168.2.101,300,300,2,2,66,65,34370,55662,3,3,[0.0]
61,0.028406000,192.168.2.102,192.168.2.101,0,0,152,152,66,215,34370,44606,3,3,"[1.0, 2.0, 3.0, 4.0, 5.0, 6.0, 7.0, 8.0, 9.0, 10.0, 11.0, 12.0, 13.0, 14.0, 15.0, 16.0, 17.0, 18.0, 19.0, 20.0, 21.0, 22.0, 23.0, 24.0, 25.0, 26.0, 27.0, 28.0, 29.0, 30.0, 31.0, 32.0, 33.0, 34.0, 1.0, 0.0, 0.0, 0.0]"
62,0.016480000,192.168.2.102,192.168.2.101,100,100,82,82,66,145,34370,4329,3,3,"[15.0, 1.0, 500.0, 500.0, 0.5, 5000.0, 500.0, 500.0, 3.0, 3000.0, 500.0, 500.0, 1.0, 0.0, 0.0, 0.0, 0.0, 0.0, 0.0, 0.0, 0.0]"
63,0.018931000,192.168.2.102,192.168.2.101,200,200,8,8,66,71,34370,37048,3,3,"[1.0, 6.0]"
64,0.028531000,192.168.2.102,192.168.2.101,300,300,2,2,66,65,34370,54310,3,3,[0.0]
65,0.014976000,192.168.2.102,192.168.2.101,0,0,152,152,66,215,34370,43254,3,3,"[1.0, 2.0, 3.0, 4.0, 5.0, 6.0, 7.0, 8.0, 9.0, 10.0, 11.0, 12.0, 13.0, 14.0, 15.0, 16.0, 17.0, 18.0, 19.0, 20.0, 21.0, 22.0, 23.0, 24.0, 25.0, 26.0, 27.0, 28.0, 29.0, 30.0, 31.0, 32.0, 33.0, 34.0, 1.0, 0.0, 0.0, 0.0]"
66,0.018528000,192.168.2.102,192.168.2.101,100,100,82,82,66,145,34370,2977,3,3,"[15.0, 1.0, 500.0, 500.0, 0.5, 5000.0, 500.0, 500.0, 3.0, 3000.0, 500.0, 500.0, 1.0, 0.0, 0.0, 0.0, 0.0, 0.0, 0.0, 0.0, 0.0]"
67,0.016042000,192.168.2.102,192.168.2.101,200,200,8,8,66,71,34370,35696,3,3,"[1.0, 6.0]"
68,0.018166000,192.168.2.102,192.168.2.101,300,300,2,2,66,65,34370,52958,3,3,[0.0]
69,0.008153000,192.168.2.102,192.168.2.101,0,0,152,152,66,215,34370,41902,3,3,"[1.0, 2.0, 3.0, 4.0, 5.0, 6.0, 7.0, 8.0, 9.0, 10.0, 11.0, 12.0, 13.0, 14.0, 15.0, 16.0, 17.0, 18.0, 19.0, 20.0, 21.0, 22.0, 23.0, 24.0, 25.0, 26.0, 27.0, 28.0, 29.0, 30.0, 31.0, 32.0, 33.0, 34.0, 1.0, 0.0, 0.0, 0.0]"
70,0.018238000,192.168.2.102,192.168.2.101,100,100,82,82,66,145,34370,1625,3,3,"[15.0, 1.0, 500.0, 500.0, 0.5, 5000.0, 500.0, 500.0, 3.0, 3000.0, 500.0, 500.0, 1.0, 0.0, 0.0, 0.0, 0.0, 0.0, 0.0, 0.0, 0.0]"
71,0.022660000,192.168.2.102,192.168.2.101,200,200,8,8,66,71,34370,34344,3,3,"[1.0, 6.0]"
72,0.013958000,192.168.2.102,192.168.2.101,300,300,2,2,66,65,34370,51606,3,3,[0.0]
73,0.023354000,192.168.2.102,192.168.2.101,0,0,152,152,66,215,34370,40550,3,3,"[1.0, 2.0, 3.0, 4.0, 5.0, 6.0, 7.0, 8.0, 9.0, 10.0, 11.0, 12.0, 13.0, 14.0, 15.0, 16.0, 17.0, 18.0, 19.0, 20.0, 21.0, 22.0, 23.0, 24.0, 25.0, 26.0, 27.0, 28.0, 29.0, 30.0, 31.0, 32.0, 33.0, 34.0, 1.0, 0.0, 0.0, 0.0]"
74,0.031878000,192.168.2.102,192.168.2.101,100,100,82,82,66,145,34370,273,3,3,"[15.0, 1.0, 500.0, 500.0, 0.5, 5000.0, 500.0, 500.0, 3.0, 3000.0, 500.0, 500.0, 1.0, 0.0, 0.0, 0.0, 0.0, 0.0, 0.0, 0.0, 0.0]"
75,0.023754000,192.168.2.102,192.168.2.101,200,200,8,8,66,71,34370,32992,3,3,"[1.0, 6.0]"
76,0.018643000,192.168.2.102,192.168.2.101,300,300,2,2,66,65,34370,50254,3,3,[0.0]
77,0.022568000,192.168.2.102,192.168.2.101,0,0,152,152,66,215,34370,39198,3,3,"[1.0, 2.0, 3.0, 4.0, 5.0, 6.0, 7.0, 8.0, 9.0, 10.0, 11.0, 12.0, 13.0, 14.0, 15.0, 16.0, 17.0, 18.0, 19.0, 20.0, 21.0, 22.0, 23.0, 24.0, 25.0, 26.0, 27.0, 28.0, 29.0, 30.0, 31.0, 32.0, 33.0, 34.0, 1.0, 0.0, 0.0, 0.0]"
78,0.022245000,192.168.2.102,192.168.2.101,100,100,82,82,66,145,34370,64456,3,3,"[15.0, 1.0, 500.0, 500.0, 0.5, 5000.0, 500.0, 500.0, 3.0, 3000.0, 500.0, 500.0, 1.0, 0.0, 0.0, 0.0, 0.0, 0.0, 0.0, 0.0, 0.0]"
79,0.023679000,192.168.2.102,192.168.2.101,200,200,8,8,66,71,34370,31640,3,3,"[1.0, 6.0]"
80,0.028378000,192.168.2.102,192.168.2.101,300,300,2,2,66,65,34370,48902,3,3,[0.0]
81,0.027397000,192.168.2.102,192.168.2.101,0,0,152,152,66,215,34370,37846,3,3,"[1.0, 2.0, 3.0, 4.0, 5.0, 6.0, 7.0, 8.0, 9.0, 10.0, 11.0, 12.0, 13.0, 14.0, 15.0, 16.0, 17.0, 18.0, 19.0, 20.0, 21.0, 22.0, 23.0, 24.0, 25.0, 26.0, 27.0, 28.0, 29.0, 30.0, 31.0, 32.0, 33.0, 34.0, 1.0, 0.0, 0.0, 0.0]"
82,0.020572000,192.168.2.102,192.168.2.101,100,100,82,82,66,145,34370,63104,3,3,"[15.0, 1.0, 500.0, 500.0, 0.5, 5000.0, 500.0, 500.0, 3.0, 3000.0, 500.0, 500.0, 1.0, 0.0, 0.0, 0.0, 0.0, 0.0, 0.0, 0.0, 0.0]"
83,0.020932000,192.168.2.102,192.168.2.101,200,200,8,8,66,71,34370,30288,3,3,"[1.0, 6.0]"
84,0.016638000,192.168.2.102,192.168.2.101,300,300,2,2,66,65,34370,47550,3,3,[0.0]
85,0.015251000,192.168.2.102,192.168.2.101,0,0,152,152,66,215,34370,36494,3,3,"[1.0, 2.0, 3.0, 4.0, 5.0, 6.0, 7.0, 8.0, 9.0, 10.0, 11.0, 12.0, 13.0, 14.0, 15.0, 16.0, 17.0, 18.0, 19.0, 20.0, 21.0, 22.0, 23.0, 24.0, 25.0, 26.0, 27.0, 28.0, 29.0, 30.0, 31.0, 32.0, 33.0, 34.0, 1.0, 0.0, 0.0, 0.0]"
86,0.029324000,192.168.2.102,192.168.2.101,100,100,82,82,66,145,34370,61752,3,3,"[15.0, 1.0, 500.0, 500.0, 0.5, 5000.0, 500.0, 500.0, 3.0, 3000.0, 500.0, 500.0, 1.0, 0.0, 0.0, 0.0, 0.0, 0.0, 0.0, 0.0, 0.0]"
87,0.023897000,192.168.2.102,192.168.2.101,200,200,8,8,66,71,34370,28936,3,3,"[1.0, 6.0]"
88,0.014833000,192.168.2.102,192.168.2.101,300,300,2,2,66,65,34370,46198,3,3,[0.0]
89,0.036876000,192.168.2.102,192.168.2.101,0,0,152,152,66,215,34370,35142,3,3,"[1.0, 2.0, 3.0, 4.0, 5.0, 6.0, 7.0, 8.0, 9.0, 10.0, 11.0, 12.0, 13.0, 14.0, 15.0, 16.0, 17.0, 18.0, 19.0, 20.0, 21.0, 22.0, 23.0, 24.0, 25.0, 26.0, 27.0, 28.0, 29.0, 30.0, 31.0, 32.0, 33.0, 34.0, 1.0, 0.0, 0.0, 0.0]"
90,0.030796000,192.168.2.102,192.168.2.101,100,100,82,82,66,145,34370,60400,3,3,"[15.0, 1.0, 500.0, 500.0, 0.5, 5000.0, 500.0, 500.0, 3.0, 3000.0, 500.0, 500.0, 1.0, 0.0, 0.0, 0.0, 0.0, 0.0, 0.0, 0.0, 0.0]"
91,0.017822000,192.168.2.102,192.168.2.101,200,200,8,8,66,71,34370,27584,3,3,"[1.0, 6.0]"
92,0.017670000,192.168.2.102,192.168.2.101,300,300,2,2,66,65,34370,44846,3,3,[0.0]
93,0.016614000,192.168.2.102,192.168.2.101,0,0,152,152,66,215,34370,33790,3,3,"[1.0, 2.0, 3.0, 4.0, 5.0, 6.0, 7.0, 8.0, 9.0, 10.0, 11.0, 12.0, 13.0, 14.0, 15.0, 16.0, 17.0, 18.0, 19.0, 20.0, 21.0, 22.0, 23.0, 24.0, 25.0, 26.0, 27.0, 28.0, 29.0, 30.0, 31.0, 32.0, 33.0, 34.0, 1.0, 0.0, 0.0, 0.0]"
94,0.017347000,192.168.2.102,192.168.2.101,100,100,82,82,66,145,34370,59048,3,3,"[15.0, 1.0, 500.0, 500.0, 0.5, 5000.0, 500.0, 500.0, 3.0, 3000.0, 500.0, 500.0, 1.0, 0.0, 0.0, 0.0, 0.0, 0.0, 0.0, 0.0, 0.0]"
95,0.017062000,192.168.2.102,192.168.2.101,200,200,8,8,66,71,34370,26232,3,3,"[1.0, 6.0]"
96,0.043105000,192.168.2.102,192.168.2.101,300,300,2,2,66,65,34370,43494,3,3,[0.0]
97,0.018291000,192.168.2.102,192.168.2.101,0,0,152,152,66,215,34370,32438,3,3,"[1.0, 2.0, 3.0, 4.0, 5.0, 6.0, 7.0, 8.0, 9.0, 10.0, 11.0, 12.0, 13.0, 14.0, 15.0, 16.0, 17.0, 18.0, 19.0, 20.0, 21.0, 22.0, 23.0, 24.0, 25.0, 26.0, 27.0, 28.0, 29.0, 30.0, 31.0, 32.0, 33.0, 34.0, 1.0, 0.0, 0.0, 0.0]"
98,0.018434000,192.168.2.102,192.168.2.101,100,100,82,82,66,145,34370,57696,3,3,"[15.0, 1.0, 500.0, 500.0, 0.5, 5000.0, 500.0, 500.0, 3.0, 3000.0, 500.0, 500.0, 1.0, 0.0, 0.0, 0.0, 0.0, 0.0, 0.0, 0.0, 0.0]"
99,0.020432000,192.168.2.102,192.168.2.101,200,200,8,8,66,71,34370,24880,3,3,"[1.0, 6.0]"
100,0.016288000,192.168.2.102,192.168.2.101,300,300,2,2,66,65,34370,42142,3,3,[0.0]
101,0.036798000,192.168.2.102,192.168.2.101,0,0,152,152,66,215,34370,31086,3,3,"[1.0, 2.0, 3.0, 4.0, 5.0, 6.0, 7.0, 8.0, 9.0, 10.0, 11.0, 12.0, 13.0, 14.0, 15.0, 16.0, 17.0, 18.0, 19.0, 20.0, 21.0, 22.0, 23.0, 24.0, 25.0, 26.0, 27.0, 28.0, 29.0, 30.0, 31.0, 32.0, 33.0, 34.0, 1.0, 0.0, 0.0, 0.0]"
102,0.023473000,192.168.2.102,192.168.2.101,100,100,82,82,66,145,34370,56344,3,3,"[15.0, 1.0, 500.0, 500.0, 0.5, 5000.0, 500.0, 500.0, 3.0, 3000.0, 500.0, 500.0, 1.0, 0.0, 0.0, 0.0, 0.0, 0.0, 0.0, 0.0, 0.0]"
103,0.034966000,192.168.2.102,192.168.2.101,200,200,8,8,66,71,34370,23528,3,3,"[1.0, 6.0]"
104,0.015932000,192.168.2.102,192.168.2.101,300,300,2,2,66,65,34370,40790,3,3,[0.0]
105,0.028406000,192.168.2.102,192.168.2.101,0,0,152,152,66,215,34370,29734,3,3,"[1.0, 2.0, 3.0, 4.0, 5.0, 6.0, 7.0, 8.0, 9.0, 10.0, 11.0, 12.0, 13.0, 14.0, 15.0, 16.0, 17.0, 18.0, 19.0, 20.0, 21.0, 22.0, 23.0, 24.0, 25.0, 26.0, 27.0, 28.0, 29.0, 30.0, 31.0, 32.0, 33.0, 34.0, 1.0, 0.0, 0.0, 0.0]"
106,0.021330000,192.168.2.102,192.168.2.101,100,100,82,82,66,145,34370,54992,3,3,"[15.0, 1.0, 500.0, 500.0, 0.5, 5000.0, 500.0, 500.0, 3.0, 3000.0, 500.0, 500.0, 1.0, 0.0, 0.0, 0.0, 0.0, 0.0, 0.0, 0.0, 0.0]"
107,0.016645000,192.168.2.102,192.168.2.101,200,200,8,8,66,71,34370,22176,3,3,"[1.0, 6.0]"
108,0.021341000,192.168.2.102,192.168.2.101,300,300,2,2,66,65,34370,39438,3,3,[0.0]
109,0.033645000,192.168.2.102,192.168.2.101,0,0,152,152,66,215,34370,28382,3,3,"[1.0, 2.0, 3.0, 4.0, 5.0, 6.0, 7.0, 8.0, 9.0, 10.0, 11.0, 12.0, 13.0, 14.0, 15.0, 16.0, 17.0, 18.0, 19.0, 20.0, 21.0, 22.0, 23.0, 24.0, 25.0, 26.0, 27.0, 28.0, 29.0, 30.0, 31.0, 32.0, 33.0, 34.0, 1.0, 0.0, 0.0, 0.0]"
110,0.009267000,192.168.2.102,192.168.2.101,100,100,82,82,66,145,34370,53640,3,3,"[15.0, 1.0, 500.0, 500.0, 0.5, 5000.0, 500.0, 500.0, 3.0, 3000.0, 500.0, 500.0, 1.0, 0.0, 0.0, 0.0, 0.0, 0.0, 0.0, 0.0, 0.0]"
111,0.018569000,192.168.2.102,192.168.2.101,200,200,8,8,66,71,34370,20824,3,3,"[1.0, 6.0]"
112,0.017794000,192.168.2.102,192.168.2.101,300,300,2,2,66,65,34370,38086,3,3,[0.0]
113,0.029076000,192.168.2.102,192.168.2.101,0,0,152,152,66,215,34370,27030,3,3,"[1.0, 2.0, 3.0, 4.0, 5.0, 6.0, 7.0, 8.0, 9.0, 10.0, 11.0, 12.0, 13.0, 14.0, 15.0, 16.0, 17.0, 18.0, 19.0, 20.0, 21.0, 22.0, 23.0, 24.0, 25.0, 26.0, 27.0, 28.0, 29.0, 30.0, 31.0, 32.0, 33.0, 34.0, 1.0, 0.0, 0.0, 0.0]"
114,0.021889000,192.168.2.102,192.168.2.101,100,100,82,82,66,145,34370,52288,3,3,"[15.0, 1.0, 500.0, 500.0, 0.5, 5000.0, 500.0, 500.0, 3.0, 3000.0, 500.0, 500.0, 1.0, 0.0, 0.0, 0.0, 0.0, 0.0, 0.0, 0.0, 0.0]"
115,0.009028000,192.168.2.102,192.168.2.101,200,200,8,8,66,71,34370,19472,3,3,"[1.0, 6.0]"
116,0.021148000,192.168.2.102,192.168.2.101,300,300,2,2,66,65,34370,36734,3,3,[0.0]
117,0.026953000,192.168.2.102,192.168.2.101,0,0,152,152,66,215,34370,25678,3,3,"[1.0, 2.0, 3.0, 4.0, 5.0, 6.0, 7.0, 8.0, 9.0, 10.0, 11.0, 12.0, 13.0, 14.0, 15.0, 16.0, 17.0, 18.0, 19.0, 20.0, 21.0, 22.0, 23.0, 24.0, 25.0, 26.0, 27.0, 28.0, 29.0, 30.0, 31.0, 32.0, 33.0, 34.0, 1.0, 0.0, 0.0, 0.0]"
118,0.018677000,192.168.2.102,192.168.2.101,100,100,82,82,66,145,34370,50936,3,3,"[15.0, 1.0, 500.0, 500.0, 0.5, 5000.0, 500.0, 500.0, 3.0, 3000.0, 500.0, 500.0, 1.0, 0.0, 0.0, 0.0, 0.0, 0.0, 0.0, 0.0, 0.0]"
119,0.018977000,192.168.2.102,192.168.2.101,200,200,8,8,66,71,34370,18120,3,3,"[1.0, 6.0]"
120,0.020640000,192.168.2.102,192.168.2.101,300,300,2,2,66,65,34370,35382,3,3,[0.0]
121,0.021173000,192.168.2.102,192.168.2.101,0,0,152,152,66,215,34370,24326,3,3,"[1.0, 2.0, 3.0, 4.0, 5.0, 6.0, 7.0, 8.0, 9.0, 10.0, 11.0, 12.0, 13.0, 14.0, 15.0, 16.0, 17.0, 18.0, 19.0, 20.0, 21.0, 22.0, 23.0, 24.0, 25.0, 26.0, 27.0, 28.0, 29.0, 30.0, 31.0, 32.0, 33.0, 34.0, 1.0, 0.0, 0.0, 0.0]"
122,0.023896000,192.168.2.102,192.168.2.101,100,100,82,82,66,145,34370,49584,3,3,"[15.0, 1.0, 500.0, 500.0, 0.5, 5000.0, 500.0, 500.0, 3.0, 3000.0, 500.0, 500.0, 1.0, 0.0, 0.0, 0.0, 0.0, 0.0, 0.0, 0.0, 0.0]"
123,0.012823000,192.168.2.102,192.168.2.101,200,200,8,8,66,71,34370,16768,3,3,"[1.0, 6.0]"
124,0.018287000,192.168.2.102,192.168.2.101,300,300,2,2,66,65,34370,34030,3,3,[0.0]
125,0.026269000,192.168.2.102,192.168.2.101,0,0,152,152,66,215,34370,22974,3,3,"[1.0, 2.0, 3.0, 4.0, 5.0, 6.0, 7.0, 8.0, 9.0, 10.0, 11.0, 12.0, 13.0, 14.0, 15.0, 16.0, 17.0, 18.0, 19.0, 20.0, 21.0, 22.0, 23.0, 24.0, 25.0, 26.0, 27.0, 28.0, 29.0, 30.0, 31.0, 32.0, 33.0, 34.0, 1.0, 0.0, 0.0, 0.0]"
126,0.014375000,192.168.2.102,192.168.2.101,100,100,82,82,66,145,34370,48232,3,3,"[15.0, 1.0, 500.0, 500.0, 0.5, 5000.0, 500.0, 500.0, 3.0, 3000.0, 500.0, 500.0, 1.0, 0.0, 0.0, 0.0, 0.0, 0.0, 0.0, 0.0, 0.0]"
127,0.018266000,192.168.2.102,192.168.2.101,200,200,8,8,66,71,34370,15416,3,3,"[1.0, 6.0]"
128,0.018052000,192.168.2.102,192.168.2.101,300,300,2,2,66,65,34370,32678,3,3,[0.0]
129,0.024271000,192.168.2.102,192.168.2.101,0,0,152,152,66,215,34370,21622,3,3,"[1.0, 2.0, 3.0, 4.0, 5.0, 6.0, 7.0, 8.0, 9.0, 10.0, 11.0, 12.0, 13.0, 14.0, 15.0, 16.0, 17.0, 18.0, 19.0, 20.0, 21.0, 22.0, 23.0, 24.0, 25.0, 26.0, 27.0, 28.0, 29.0, 30.0, 31.0, 32.0, 33.0, 34.0, 1.0, 0.0, 0.0, 0.0]"
130,0.016306000,192.168.2.102,192.168.2.101,100,100,82,82,66,145,34370,46880,3,3,"[15.0, 1.0, 500.0, 500.0, 0.5, 5000.0, 500.0, 500.0, 3.0, 3000.0, 500.0, 500.0, 1.0, 0.0, 0.0, 0.0, 0.0, 0.0, 0.0, 0.0, 0.0]"
131,0.017801000,192.168.2.102,192.168.2.101,200,200,8,8,66,71,34370,14064,3,3,"[1.0, 6.0]"
132,0.027549000,192.168.2.102,192.168.2.101,300,300,2,2,66,65,34370,31326,3,3,[0.0]
133,0.049410000,192.168.2.102,192.168.2.101,0,0,152,152,66,215,34370,20270,3,3,"[1.0, 2.0, 3.0, 4.0, 5.0, 6.0, 7.0, 8.0, 9.0, 10.0, 11.0, 12.0, 13.0, 14.0, 15.0, 16.0, 17.0, 18.0, 19.0, 20.0, 21.0, 22.0, 23.0, 24.0, 25.0, 26.0, 27.0, 28.0, 29.0, 30.0, 31.0, 32.0, 33.0, 34.0, 1.0, 0.0, 0.0, 0.0]"
134,0.019780000,192.168.2.102,192.168.2.101,100,100,82,82,66,145,34370,45528,3,3,"[15.0, 1.0, 500.0, 500.0, 0.5, 5000.0, 500.0, 500.0, 3.0, 3000.0, 500.0, 500.0, 1.0, 0.0, 0.0, 0.0, 0.0, 0.0, 0.0, 0.0, 0.0]"
135,0.017179000,192.168.2.102,192.168.2.101,200,200,8,8,66,71,34370,12712,3,3,"[1.0, 6.0]"
136,0.016201000,192.168.2.102,192.168.2.101,300,300,2,2,66,65,34370,29974,3,3,[0.0]
137,0.016478000,192.168.2.102,192.168.2.101,0,0,152,152,66,215,34370,18918,3,3,"[1.0, 2.0, 3.0, 4.0, 5.0, 6.0, 7.0, 8.0, 9.0, 10.0, 11.0, 12.0, 13.0, 14.0, 15.0, 16.0, 17.0, 18.0, 19.0, 20.0, 21.0, 22.0, 23.0, 24.0, 25.0, 26.0, 27.0, 28.0, 29.0, 30.0, 31.0, 32.0, 33.0, 34.0, 1.0, 0.0, 0.0, 0.0]"
138,0.018779000,192.168.2.102,192.168.2.101,100,100,82,82,66,145,34370,44176,3,3,"[15.0, 1.0, 500.0, 500.0, 0.5, 5000.0, 500.0, 500.0, 3.0, 3000.0, 500.0, 500.0, 1.0, 0.0, 0.0, 0.0, 0.0, 0.0, 0.0, 0.0, 0.0]"
139,0.018538000,192.168.2.102,192.168.2.101,200,200,8,8,66,71,34370,11360,3,3,"[1.0, 6.0]"
140,0.021266000,192.168.2.102,192.168.2.101,300,300,2,2,66,65,34370,28622,3,3,[0.0]
141,0.013811000,192.168.2.102,192.168.2.101,0,0,152,152,66,215,34370,17566,3,3,"[1.0, 2.0, 3.0, 4.0, 5.0, 6.0, 7.0, 8.0, 9.0, 10.0, 11.0, 12.0, 13.0, 14.0, 15.0, 16.0, 17.0, 18.0, 19.0, 20.0, 21.0, 22.0, 23.0, 24.0, 25.0, 26.0, 27.0, 28.0, 29.0, 30.0, 31.0, 32.0, 33.0, 34.0, 1.0, 0.0, 0.0, 0.0]"
142,0.017615000,192.168.2.102,192.168.2.101,100,100,82,82,66,145,34370,42824,3,3,"[15.0, 1.0, 500.0, 500.0, 0.5, 5000.0, 500.0, 500.0, 3.0, 3000.0, 500.0, 500.0, 1.0, 0.0, 0.0, 0.0, 0.0, 0.0, 0.0, 0.0, 0.0]"
143,0.017072000,192.168.2.102,192.168.2.101,200,200,8,8,66,71,34370,10008,3,3,"[1.0, 6.0]"
144,0.019092000,192.168.2.102,192.168.2.101,300,300,2,2,66,65,34370,27270,3,3,[0.0]
145,0.015678000,192.168.2.102,192.168.2.101,0,0,152,152,66,215,34370,16214,3,3,"[1.0, 2.0, 3.0, 4.0, 5.0, 6.0, 7.0, 8.0, 9.0, 10.0, 11.0, 12.0, 13.0, 14.0, 15.0, 16.0, 17.0, 18.0, 19.0, 20.0, 21.0, 22.0, 23.0, 24.0, 25.0, 26.0, 27.0, 28.0, 29.0, 30.0, 31.0, 32.0, 33.0, 34.0, 1.0, 0.0, 0.0, 0.0]"
146,0.011868000,192.168.2.102,192.168.2.101,100,100,82,82,66,145,34370,41472,3,3,"[15.0, 1.0, 500.0, 500.0, 0.5, 5000.0, 500.0, 500.0, 3.0, 3000.0, 500.0, 500.0, 1.0, 0.0, 0.0, 0.0, 0.0, 0.0, 0.0, 0.0, 0.0]"
147,0.025278000,192.168.2.102,192.168.2.101,200,200,8,8,66,71,34370,8656,3,3,"[1.0, 6.0]"
148,0.010903000,192.168.2.102,192.168.2.101,300,300,2,2,66,65,34370,25918,3,3,[0.0]
149,0.038943000,192.168.2.102,192.168.2.101,0,0,152,152,66,215,34370,14862,3,3,"[1.0, 2.0, 3.0, 4.0, 5.0, 6.0, 7.0, 8.0, 9.0, 10.0, 11.0, 12.0, 13.0, 14.0, 15.0, 16.0, 17.0, 18.0, 19.0, 20.0, 21.0, 22.0, 23.0, 24.0, 25.0, 26.0, 27.0, 28.0, 29.0, 30.0, 31.0, 32.0, 33.0, 34.0, 1.0, 0.0, 0.0, 0.0]"
150,0.028448000,192.168.2.102,192.168.2.101,100,100,82,82,66,145,34370,40120,3,3,"[15.0, 1.0, 500.0, 500.0, 0.5, 5000.0, 500.0, 500.0, 3.0, 3000.0, 500.0, 500.0, 1.0, 0.0, 0.0, 0.0, 0.0, 0.0, 0.0, 0.0, 0.0]"
151,0.043580000,192.168.2.102,192.168.2.101,200,200,8,8,66,71,34370,7304,3,3,"[1.0, 6.0]"
152,0.026698000,192.168.2.102,192.168.2.101,300,300,2,2,66,65,34370,24566,3,3,[0.0]
153,0.017941000,192.168.2.102,192.168.2.101,0,0,152,152,66,215,34370,13510,3,3,"[1.0, 2.0, 3.0, 4.0, 5.0, 6.0, 7.0, 8.0, 9.0, 10.0, 11.0, 12.0, 13.0, 14.0, 15.0, 16.0, 17.0, 18.0, 19.0, 20.0, 21.0, 22.0, 23.0, 24.0, 25.0, 26.0, 27.0, 28.0, 29.0, 30.0, 31.0, 32.0, 33.0, 34.0, 1.0, 0.0, 0.0, 0.0]"
154,0.022707000,192.168.2.102,192.168.2.101,100,100,82,82,66,145,34370,38768,3,3,"[15.0, 1.0, 500.0, 500.0, 0.5, 5000.0, 500.0, 500.0, 3.0, 3000.0, 500.0, 500.0, 1.0, 0.0, 0.0, 0.0, 0.0, 0.0, 0.0, 0.0, 0.0]"
155,0.013599000,192.168.2.102,192.168.2.101,200,200,8,8,66,71,34370,5952,3,3,"[1.0, 6.0]"
156,0.018818000,192.168.2.102,192.168.2.101,300,300,2,2,66,65,34370,23214,3,3,[0.0]
157,0.024863000,192.168.2.102,192.168.2.101,0,0,152,152,66,215,34370,12158,3,3,"[1.0, 2.0, 3.0, 4.0, 5.0, 6.0, 7.0, 8.0, 9.0, 10.0, 11.0, 12.0, 13.0, 14.0, 15.0, 16.0, 17.0, 18.0, 19.0, 20.0, 21.0, 22.0, 23.0, 24.0, 25.0, 26.0, 27.0, 28.0, 29.0, 30.0, 31.0, 32.0, 33.0, 34.0, 1.0, 0.0, 0.0, 0.0]"
158,0.014092000,192.168.2.102,192.168.2.101,100,100,82,82,66,145,34370,37416,3,3,"[15.0, 1.0, 500.0, 500.0, 0.5, 5000.0, 500.0, 500.0, 3.0, 3000.0, 500.0, 500.0, 1.0, 0.0, 0.0, 0.0, 0.0, 0.0, 0.0, 0.0, 0.0]"
159,0.018744000,192.168.2.102,192.168.2.101,200,200,8,8,66,71,34370,4600,3,3,"[1.0, 6.0]"
160,0.019382000,192.168.2.102,192.168.2.101,300,300,2,2,66,65,34370,21862,3,3,[0.0]
161,0.024777000,192.168.2.102,192.168.2.101,0,0,152,152,66,215,34370,10806,3,3,"[1.0, 2.0, 3.0, 4.0, 5.0, 6.0, 7.0, 8.0, 9.0, 10.0, 11.0, 12.0, 13.0, 14.0, 15.0, 16.0, 17.0, 18.0, 19.0, 20.0, 21.0, 22.0, 23.0, 24.0, 25.0, 26.0, 27.0, 28.0, 29.0, 30.0, 31.0, 32.0, 33.0, 34.0, 1.0, 0.0, 0.0, 0.0]"
162,0.017180000,192.168.2.102,192.168.2.101,100,100,82,82,66,145,34370,36064,3,3,"[15.0, 1.0, 500.0, 500.0, 0.5, 5000.0, 500.0, 500.0, 3.0, 3000.0, 500.0, 500.0, 1.0, 0.0, 0.0, 0.0, 0.0, 0.0, 0.0, 0.0, 0.0]"
163,0.018498000,192.168.2.102,192.168.2.101,200,200,8,8,66,71,34370,3248,3,3,"[1.0, 6.0]"
164,0.020657000,192.168.2.102,192.168.2.101,300,300,2,2,66,65,34370,20510,3,3,[0.0]
165,0.020354000,192.168.2.102,192.168.2.101,0,0,152,152,66,215,34370,9454,3,3,"[1.0, 2.0, 3.0, 4.0, 5.0, 6.0, 7.0, 8.0, 9.0, 10.0, 11.0, 12.0, 13.0, 14.0, 15.0, 16.0, 17.0, 18.0, 19.0, 20.0, 21.0, 22.0, 23.0, 24.0, 25.0, 26.0, 27.0, 28.0, 29.0, 30.0, 31.0, 32.0, 33.0, 34.0, 1.0, 0.0, 0.0, 0.0]"
166,0.017889000,192.168.2.102,192.168.2.101,100,100,82,82,66,145,34370,34712,3,3,"[15.0, 1.0, 500.0, 500.0, 0.5, 5000.0, 500.0, 500.0, 3.0, 3000.0, 500.0, 500.0, 1.0, 0.0, 0.0, 0.0, 0.0, 0.0, 0.0, 0.0, 0.0]"
167,0.017382000,192.168.2.102,192.168.2.101,200,200,8,8,66,71,34370,1896,3,3,"[1.0, 6.0]"
168,0.021560000,192.168.2.102,192.168.2.101,300,300,2,2,66,65,34370,19158,3,3,[0.0]
169,0.025818000,192.168.2.102,192.168.2.101,0,0,152,152,66,215,34370,8102,3,3,"[1.0, 2.0, 3.0, 4.0, 5.0, 6.0, 7.0, 8.0, 9.0, 10.0, 11.0, 12.0, 13.0, 14.0, 15.0, 16.0, 17.0, 18.0, 19.0, 20.0, 21.0, 22.0, 23.0, 24.0, 25.0, 26.0, 27.0, 28.0, 29.0, 30.0, 31.0, 32.0, 33.0, 34.0, 1.0, 0.0, 0.0, 0.0]"
170,0.024320000,192.168.2.102,192.168.2.101,100,100,82,82,66,145,34370,33360,3,3,"[15.0, 1.0, 500.0, 500.0, 0.5, 5000.0, 500.0, 500.0, 3.0, 3000.0, 500.0, 500.0, 1.0, 0.0, 0.0, 0.0, 0.0, 0.0, 0.0, 0.0, 0.0]"
171,0.029126000,192.168.2.102,192.168.2.101,200,200,8,8,66,71,34370,544,3,3,"[1.0, 6.0]"
172,0.017270000,192.168.2.102,192.168.2.101,300,300,2,2,66,65,34370,17806,3,3,[0.0]
173,0.022927000,192.168.2.102,192.168.2.101,0,0,152,152,66,215,34370,6750,3,3,"[1.0, 2.0, 3.0, 4.0, 5.0, 6.0, 7.0, 8.0, 9.0, 10.0, 11.0, 12.0, 13.0, 14.0, 15.0, 16.0, 17.0, 18.0, 19.0, 20.0, 21.0, 22.0, 23.0, 24.0, 25.0, 26.0, 27.0, 28.0, 29.0, 30.0, 31.0, 32.0, 33.0, 34.0, 1.0, 0.0, 0.0, 0.0]"
174,0.019333000,192.168.2.102,192.168.2.101,100,100,82,82,66,145,34370,32008,3,3,"[15.0, 1.0, 500.0, 500.0, 0.5, 5000.0, 500.0, 500.0, 3.0, 3000.0, 500.0, 500.0, 1.0, 0.0, 0.0, 0.0, 0.0, 0.0, 0.0, 0.0, 0.0]"
175,0.016879000,192.168.2.102,192.168.2.101,200,200,8,8,66,71,34370,64727,3,3,"[1.0, 6.0]"
176,0.020134000,192.168.2.102,192.168.2.101,300,300,2,2,66,65,34370,16454,3,3,[0.0]
177,0.020995000,192.168.2.102,192.168.2.101,0,0,152,152,66,215,34370,5398,3,3,"[1.0, 2.0, 3.0, 4.0, 5.0, 6.0, 7.0, 8.0, 9.0, 10.0, 11.0, 12.0, 13.0, 14.0, 15.0, 16.0, 17.0, 18.0, 19.0, 20.0, 21.0, 22.0, 23.0, 24.0, 25.0, 26.0, 27.0, 28.0, 29.0, 30.0, 31.0, 32.0, 33.0, 34.0, 1.0, 0.0, 0.0, 0.0]"
178,0.018951000,192.168.2.102,192.168.2.101,100,100,82,82,66,145,34370,30656,3,3,"[15.0, 1.0, 500.0, 500.0, 0.5, 5000.0, 500.0, 500.0, 3.0, 3000.0, 500.0, 500.0, 1.0, 0.0, 0.0, 0.0, 0.0, 0.0, 0.0, 0.0, 0.0]"
179,0.018587000,192.168.2.102,192.168.2.101,200,200,8,8,66,71,34370,63375,3,3,"[1.0, 6.0]"
180,0.019036000,192.168.2.102,192.168.2.101,300,300,2,2,66,65,34370,15102,3,3,[0.0]
181,0.024417000,192.168.2.102,192.168.2.101,0,0,152,152,66,215,34370,4046,3,3,"[1.0, 2.0, 3.0, 4.0, 5.0, 6.0, 7.0, 8.0, 9.0, 10.0, 11.0, 12.0, 13.0, 14.0, 15.0, 16.0, 17.0, 18.0, 19.0, 20.0, 21.0, 22.0, 23.0, 24.0, 25.0, 26.0, 27.0, 28.0, 29.0, 30.0, 31.0, 32.0, 33.0, 34.0, 1.0, 0.0, 0.0, 0.0]"
182,0.016285000,192.168.2.102,192.168.2.101,100,100,82,82,66,145,34370,29304,3,3,"[15.0, 1.0, 500.0, 500.0, 0.5, 5000.0, 500.0, 500.0, 3.0, 3000.0, 500.0, 500.0, 1.0, 0.0, 0.0, 0.0, 0.0, 0.0, 0.0, 0.0, 0.0]"
183,0.019668000,192.168.2.102,192.168.2.101,200,200,8,8,66,71,34370,62023,3,3,"[1.0, 6.0]"
184,0.017311000,192.168.2.102,192.168.2.101,300,300,2,2,66,65,34370,13750,3,3,[0.0]
185,0.024455000,192.168.2.102,192.168.2.101,0,0,152,152,66,215,34370,2694,3,3,"[1.0, 2.0, 3.0, 4.0, 5.0, 6.0, 7.0, 8.0, 9.0, 10.0, 11.0, 12.0, 13.0, 14.0, 15.0, 16.0, 17.0, 18.0, 19.0, 20.0, 21.0, 22.0, 23.0, 24.0, 25.0, 26.0, 27.0, 28.0, 29.0, 30.0, 31.0, 32.0, 33.0, 34.0, 1.0, 0.0, 0.0, 0.0]"
186,0.016558000,192.168.2.102,192.168.2.101,100,100,82,82,66,145,34370,27952,3,3,"[15.0, 1.0, 500.0, 500.0, 0.5, 5000.0, 500.0, 500.0, 3.0, 3000.0, 500.0, 500.0, 1.0, 0.0, 0.0, 0.0, 0.0, 0.0, 0.0, 0.0, 0.0]"
187,0.016895000,192.168.2.102,192.168.2.101,200,200,8,8,66,71,34370,60671,3,3,"[1.0, 6.0]"
188,0.021016000,192.168.2.102,192.168.2.101,300,300,2,2,66,65,34370,12398,3,3,[0.0]
189,0.021847000,192.168.2.102,192.168.2.101,0,0,152,152,66,215,34370,1342,3,3,"[1.0, 2.0, 3.0, 4.0, 5.0, 6.0, 7.0, 8.0, 9.0, 10.0, 11.0, 12.0, 13.0, 14.0, 15.0, 16.0, 17.0, 18.0, 19.0, 20.0, 21.0, 22.0, 23.0, 24.0, 25.0, 26.0, 27.0, 28.0, 29.0, 30.0, 31.0, 32.0, 33.0, 34.0, 1.0, 0.0, 0.0, 0.0]"
190,0.017364000,192.168.2.102,192.168.2.101,100,100,82,82,66,145,34370,26600,3,3,"[15.0, 1.0, 500.0, 500.0, 0.5, 5000.0, 500.0, 500.0, 3.0, 3000.0, 500.0, 500.0, 1.0, 0.0, 0.0, 0.0, 0.0, 0.0, 0.0, 0.0, 0.0]"
191,0.017488000,192.168.2.102,192.168.2.101,200,200,8,8,66,71,34370,59319,3,3,"[1.0, 6.0]"
192,0.018730000,192.168.2.102,192.168.2.101,300,300,2,2,66,65,34370,11046,3,3,[0.0]
193,0.019311000,192.168.2.102,192.168.2.101,0,0,152,152,66,215,34370,65525,3,3,"[1.0, 2.0, 3.0, 4.0, 5.0, 6.0, 7.0, 8.0, 9.0, 10.0, 11.0, 12.0, 13.0, 14.0, 15.0, 16.0, 17.0, 18.0, 19.0, 20.0, 21.0, 22.0, 23.0, 24.0, 25.0, 26.0, 27.0, 28.0, 29.0, 30.0, 31.0, 32.0, 33.0, 34.0, 1.0, 0.0, 0.0, 0.0]"
194,0.016171000,192.168.2.102,192.168.2.101,100,100,82,82,66,145,34370,25248,3,3,"[15.0, 1.0, 500.0, 500.0, 0.5, 5000.0, 500.0, 500.0, 3.0, 3000.0, 500.0, 500.0, 1.0, 0.0, 0.0, 0.0, 0.0, 0.0, 0.0, 0.0, 0.0]"
195,0.017593000,192.168.2.102,192.168.2.101,200,200,8,8,66,71,34370,57967,3,3,"[1.0, 6.0]"
196,0.018159000,192.168.2.102,192.168.2.101,300,300,2,2,66,65,34370,9694,3,3,[0.0]
197,0.015538000,192.168.2.102,192.168.2.101,0,0,152,152,66,215,34370,64173,3,3,"[1.0, 2.0, 3.0, 4.0, 5.0, 6.0, 7.0, 8.0, 9.0, 10.0, 11.0, 12.0, 13.0, 14.0, 15.0, 16.0, 17.0, 18.0, 19.0, 20.0, 21.0, 22.0, 23.0, 24.0, 25.0, 26.0, 27.0, 28.0, 29.0, 30.0, 31.0, 32.0, 33.0, 34.0, 1.0, 0.0, 0.0, 0.0]"
198,0.021239000,192.168.2.102,192.168.2.101,100,100,82,82,66,145,34370,23896,3,3,"[15.0, 1.0, 500.0, 500.0, 0.5, 5000.0, 500.0, 500.0, 3.0, 3000.0, 500.0, 500.0, 1.0, 0.0, 0.0, 0.0, 0.0, 0.0, 0.0, 0.0, 0.0]"
199,0.020199000,192.168.2.102,192.168.2.101,200,200,8,8,66,71,34370,56615,3,3,"[1.0, 6.0]"
200,0.017806000,192.168.2.102,192.168.2.101,300,300,2,2,66,65,34370,8342,3,3,[0.0]
201,0.021675000,192.168.2.102,192.168.2.101,0,0,152,152,66,215,34370,62821,3,3,"[1.0, 2.0, 3.0, 4.0, 5.0, 6.0, 7.0, 8.0, 9.0, 10.0, 11.0, 12.0, 13.0, 14.0, 15.0, 16.0, 17.0, 18.0, 19.0, 20.0, 21.0, 22.0, 23.0, 24.0, 25.0, 26.0, 27.0, 28.0, 29.0, 30.0, 31.0, 32.0, 33.0, 34.0, 1.0, 0.0, 0.0, 0.0]"
202,0.015970000,192.168.2.102,192.168.2.101,100,100,82,82,66,145,34370,22544,3,3,"[15.0, 1.0, 500.0, 500.0, 0.5, 5000.0, 500.0, 500.0, 3.0, 3000.0, 500.0, 500.0, 1.0, 0.0, 0.0, 0.0, 0.0, 0.0, 0.0, 0.0, 0.0]"
203,0.017981000,192.168.2.102,192.168.2.101,200,200,8,8,66,71,34370,55263,3,3,"[1.0, 6.0]"
204,0.036959000,192.168.2.102,192.168.2.101,300,300,2,2,66,65,34370,6990,3,3,[0.0]
205,0.024102000,192.168.2.102,192.168.2.101,0,0,152,152,66,215,34370,61469,3,3,"[1.0, 2.0, 3.0, 4.0, 5.0, 6.0, 7.0, 8.0, 9.0, 10.0, 11.0, 12.0, 13.0, 14.0, 15.0, 16.0, 17.0, 18.0, 19.0, 20.0, 21.0, 22.0, 23.0, 24.0, 25.0, 26.0, 27.0, 28.0, 29.0, 30.0, 31.0, 32.0, 33.0, 34.0, 1.0, 0.0, 0.0, 0.0]"
206,0.017062000,192.168.2.102,192.168.2.101,100,100,82,82,66,145,34370,21192,3,3,"[15.0, 1.0, 500.0, 500.0, 0.5, 5000.0, 500.0, 500.0, 3.0, 3000.0, 500.0, 500.0, 1.0, 0.0, 0.0, 0.0, 0.0, 0.0, 0.0, 0.0, 0.0]"
207,0.018568000,192.168.2.102,192.168.2.101,200,200,8,8,66,71,34370,53911,3,3,"[1.0, 6.0]"
208,0.019747000,192.168.2.102,192.168.2.101,300,300,2,2,66,65,34370,5638,3,3,[0.0]
209,0.023166000,192.168.2.102,192.168.2.101,0,0,152,152,66,215,34370,60117,3,3,"[1.0, 2.0, 3.0, 4.0, 5.0, 6.0, 7.0, 8.0, 9.0, 10.0, 11.0, 12.0, 13.0, 14.0, 15.0, 16.0, 17.0, 18.0, 19.0, 20.0, 21.0, 22.0, 23.0, 24.0, 25.0, 26.0, 27.0, 28.0, 29.0, 30.0, 31.0, 32.0, 33.0, 34.0, 1.0, 0.0, 0.0, 0.0]"
210,0.017407000,192.168.2.102,192.168.2.101,100,100,82,82,66,145,34370,19840,3,3,"[15.0, 1.0, 500.0, 500.0, 0.5, 5000.0, 500.0, 500.0, 3.0, 3000.0, 500.0, 500.0, 1.0, 0.0, 0.0, 0.0, 0.0, 0.0, 0.0, 0.0, 0.0]"
211,0.017633000,192.168.2.102,192.168.2.101,200,200,8,8,66,71,34370,52559,3,3,"[1.0, 6.0]"
212,0.040088000,192.168.2.102,192.168.2.101,300,300,2,2,66,65,34370,4286,3,3,[0.0]
213,0.027688000,192.168.2.102,192.168.2.101,0,0,152,152,66,215,34370,58765,3,3,"[1.0, 2.0, 3.0, 4.0, 5.0, 6.0, 7.0, 8.0, 9.0, 10.0, 11.0, 12.0, 13.0, 14.0, 15.0, 16.0, 17.0, 18.0, 19.0, 20.0, 21.0, 22.0, 23.0, 24.0, 25.0, 26.0, 27.0, 28.0, 29.0, 30.0, 31.0, 32.0, 33.0, 34.0, 1.0, 0.0, 0.0, 0.0]"
214,0.016263000,192.168.2.102,192.168.2.101,100,100,82,82,66,145,34370,18488,3,3,"[15.0, 1.0, 500.0, 500.0, 0.5, 5000.0, 500.0, 500.0, 3.0, 3000.0, 500.0, 500.0, 1.0, 0.0, 0.0, 0.0, 0.0, 0.0, 0.0, 0.0, 0.0]"
215,0.018034000,192.168.2.102,192.168.2.101,200,200,8,8,66,71,34370,51207,3,3,"[1.0, 6.0]"
216,0.018123000,192.168.2.102,192.168.2.101,300,300,2,2,66,65,34370,2934,3,3,[0.0]
217,0.026290000,192.168.2.102,192.168.2.101,0,0,152,152,66,215,34370,57413,3,3,"[1.0, 2.0, 3.0, 4.0, 5.0, 6.0, 7.0, 8.0, 9.0, 10.0, 11.0, 12.0, 13.0, 14.0, 15.0, 16.0, 17.0, 18.0, 19.0, 20.0, 21.0, 22.0, 23.0, 24.0, 25.0, 26.0, 27.0, 28.0, 29.0, 30.0, 31.0, 32.0, 33.0, 34.0, 1.0, 0.0, 0.0, 0.0]"
218,0.017152000,192.168.2.102,192.168.2.101,100,100,82,82,66,145,34370,17136,3,3,"[15.0, 1.0, 500.0, 500.0, 0.5, 5000.0, 500.0, 500.0, 3.0, 3000.0, 500.0, 500.0, 1.0, 0.0, 0.0, 0.0, 0.0, 0.0, 0.0, 0.0, 0.0]"
219,0.016011000,192.168.2.102,192.168.2.101,200,200,8,8,66,71,34370,49855,3,3,"[1.0, 6.0]"
220,0.033890000,192.168.2.102,192.168.2.101,300,300,2,2,66,65,34370,1582,3,3,[0.0]
221,0.029326000,192.168.2.102,192.168.2.101,0,0,152,152,66,215,34370,56061,3,3,"[1.0, 2.0, 3.0, 4.0, 5.0, 6.0, 7.0, 8.0, 9.0, 10.0, 11.0, 12.0, 13.0, 14.0, 15.0, 16.0, 17.0, 18.0, 19.0, 20.0, 21.0, 22.0, 23.0, 24.0, 25.0, 26.0, 27.0, 28.0, 29.0, 30.0, 31.0, 32.0, 33.0, 34.0, 1.0, 0.0, 0.0, 0.0]"
222,0.036811000,192.168.2.102,192.168.2.101,100,100,82,82,66,145,34370,15784,3,3,"[15.0, 1.0, 500.0, 500.0, 0.5, 5000.0, 500.0, 500.0, 3.0, 3000.0, 500.0, 500.0, 1.0, 0.0, 0.0, 0.0, 0.0, 0.0, 0.0, 0.0, 0.0]"
223,0.018690000,192.168.2.102,192.168.2.101,200,200,8,8,66,71,34370,48503,3,3,"[1.0, 6.0]"
224,0.017960000,192.168.2.102,192.168.2.101,300,300,2,2,66,65,34370,230,3,3,[0.0]
225,0.017284000,192.168.2.102,192.168.2.101,0,0,152,152,66,215,34370,54709,3,3,"[1.0, 2.0, 3.0, 4.0, 5.0, 6.0, 7.0, 8.0, 9.0, 10.0, 11.0, 12.0, 13.0, 14.0, 15.0, 16.0, 17.0, 18.0, 19.0, 20.0, 21.0, 22.0, 23.0, 24.0, 25.0, 26.0, 27.0, 28.0, 29.0, 30.0, 31.0, 32.0, 33.0, 34.0, 1.0, 0.0, 0.0, 0.0]"
226,0.019707000,192.168.2.102,192.168.2.101,100,100,82,82,66,145,34370,14432,3,3,"[15.0, 1.0, 500.0, 500.0, 0.5, 5000.0, 500.0, 500.0, 3.0, 3000.0, 500.0, 500.0, 1.0, 0.0, 0.0, 0.0, 0.0, 0.0, 0.0, 0.0, 0.0]"
227,0.037301000,192.168.2.102,192.168.2.101,200,200,8,8,66,71,34370,47151,3,3,"[1.0, 6.0]"
228,0.016598000,192.168.2.102,192.168.2.101,300,300,2,2,66,65,34370,64413,3,3,[0.0]
229,0.023137000,192.168.2.102,192.168.2.101,0,0,152,152,66,215,34370,53357,3,3,"[1.0, 2.0, 3.0, 4.0, 5.0, 6.0, 7.0, 8.0, 9.0, 10.0, 11.0, 12.0, 13.0, 14.0, 15.0, 16.0, 17.0, 18.0, 19.0, 20.0, 21.0, 22.0, 23.0, 24.0, 25.0, 26.0, 27.0, 28.0, 29.0, 30.0, 31.0, 32.0, 33.0, 34.0, 1.0, 0.0, 0.0, 0.0]"
230,0.018172000,192.168.2.102,192.168.2.101,100,100,82,82,66,145,34370,13080,3,3,"[15.0, 1.0, 500.0, 500.0, 0.5, 5000.0, 500.0, 500.0, 3.0, 3000.0, 500.0, 500.0, 1.0, 0.0, 0.0, 0.0, 0.0, 0.0, 0.0, 0.0, 0.0]"
231,0.013117000,192.168.2.102,192.168.2.101,200,200,8,8,66,71,34370,45799,3,3,"[1.0, 6.0]"
232,0.019471000,192.168.2.102,192.168.2.101,300,300,2,2,66,65,34370,63061,3,3,[0.0]
233,0.026624000,192.168.2.102,192.168.2.101,0,0,152,152,66,215,34370,52005,3,3,"[1.0, 2.0, 3.0, 4.0, 5.0, 6.0, 7.0, 8.0, 9.0, 10.0, 11.0, 12.0, 13.0, 14.0, 15.0, 16.0, 17.0, 18.0, 19.0, 20.0, 21.0, 22.0, 23.0, 24.0, 25.0, 26.0, 27.0, 28.0, 29.0, 30.0, 31.0, 32.0, 33.0, 34.0, 1.0, 0.0, 0.0, 0.0]"
234,0.009427000,192.168.2.102,192.168.2.101,100,100,82,82,66,145,34370,11728,3,3,"[15.0, 1.0, 500.0, 500.0, 0.5, 5000.0, 500.0, 500.0, 3.0, 3000.0, 500.0, 500.0, 1.0, 0.0, 0.0, 0.0, 0.0, 0.0, 0.0, 0.0, 0.0]"
235,0.017880000,192.168.2.102,192.168.2.101,200,200,8,8,66,71,34370,44447,3,3,"[1.0, 6.0]"
236,0.016928000,192.168.2.102,192.168.2.101,300,300,2,2,66,65,34370,61709,3,3,[0.0]
237,0.038575000,192.168.2.102,192.168.2.101,0,0,152,152,66,215,34370,50653,3,3,"[1.0, 2.0, 3.0, 4.0, 5.0, 6.0, 7.0, 8.0, 9.0, 10.0, 11.0, 12.0, 13.0, 14.0, 15.0, 16.0, 17.0, 18.0, 19.0, 20.0, 21.0, 22.0, 23.0, 24.0, 25.0, 26.0, 27.0, 28.0, 29.0, 30.0, 31.0, 32.0, 33.0, 34.0, 1.0, 0.0, 0.0, 0.0]"
238,0.020273000,192.168.2.102,192.168.2.101,100,100,82,82,66,145,34370,10376,3,3,"[15.0, 1.0, 500.0, 500.0, 0.5, 5000.0, 500.0, 500.0, 3.0, 3000.0, 500.0, 500.0, 1.0, 0.0, 0.0, 0.0, 0.0, 0.0, 0.0, 0.0, 0.0]"
239,0.014531000,192.168.2.102,192.168.2.101,200,200,8,8,66,71,34370,43095,3,3,"[1.0, 6.0]"
240,0.019317000,192.168.2.102,192.168.2.101,300,300,2,2,66,65,34370,60357,3,3,[0.0]
241,0.023188000,192.168.2.102,192.168.2.101,0,0,152,152,66,215,34370,49301,3,3,"[1.0, 2.0, 3.0, 4.0, 5.0, 6.0, 7.0, 8.0, 9.0, 10.0, 11.0, 12.0, 13.0, 14.0, 15.0, 16.0, 17.0, 18.0, 19.0, 20.0, 21.0, 22.0, 23.0, 24.0, 25.0, 26.0, 27.0, 28.0, 29.0, 30.0, 31.0, 32.0, 33.0, 34.0, 1.0, 0.0, 0.0, 0.0]"
242,0.019148000,192.168.2.102,192.168.2.101,100,100,82,82,66,145,34370,9024,3,3,"[15.0, 1.0, 500.0, 500.0, 0.5, 5000.0, 500.0, 500.0, 3.0, 3000.0, 500.0, 500.0, 1.0, 0.0, 0.0, 0.0, 0.0, 0.0, 0.0, 0.0, 0.0]"
243,0.027024000,192.168.2.102,192.168.2.101,200,200,8,8,66,71,34370,41743,3,3,"[1.0, 6.0]"
244,0.010464000,192.168.2.102,192.168.2.101,300,300,2,2,66,65,34370,59005,3,3,[0.0]
245,0.023331000,192.168.2.102,192.168.2.101,0,0,152,152,66,215,34370,47949,3,3,"[1.0, 2.0, 3.0, 4.0, 5.0, 6.0, 7.0, 8.0, 9.0, 10.0, 11.0, 12.0, 13.0, 14.0, 15.0, 16.0, 17.0, 18.0, 19.0, 20.0, 21.0, 22.0, 23.0, 24.0, 25.0, 26.0, 27.0, 28.0, 29.0, 30.0, 31.0, 32.0, 33.0, 34.0, 1.0, 0.0, 0.0, 0.0]"
246,0.019246000,192.168.2.102,192.168.2.101,100,100,82,82,66,145,34370,7672,3,3,"[15.0, 1.0, 500.0, 500.0, 0.5, 5000.0, 500.0, 500.0, 3.0, 3000.0, 500.0, 500.0, 1.0, 0.0, 0.0, 0.0, 0.0, 0.0, 0.0, 0.0, 0.0]"
247,0.018392000,192.168.2.102,192.168.2.101,200,200,8,8,66,71,34370,40391,3,3,"[1.0, 6.0]"
248,0.018073000,192.168.2.102,192.168.2.101,300,300,2,2,66,65,34370,57653,3,3,[0.0]
249,0.022114000,192.168.2.102,192.168.2.101,0,0,152,152,66,215,34370,46597,3,3,"[1.0, 2.0, 3.0, 4.0, 5.0, 6.0, 7.0, 8.0, 9.0, 10.0, 11.0, 12.0, 13.0, 14.0, 15.0, 16.0, 17.0, 18.0, 19.0, 20.0, 21.0, 22.0, 23.0, 24.0, 25.0, 26.0, 27.0, 28.0, 29.0, 30.0, 31.0, 32.0, 33.0, 34.0, 1.0, 0.0, 0.0, 0.0]"
250,0.018677000,192.168.2.102,192.168.2.101,100,100,82,82,66,145,34370,6320,3,3,"[15.0, 1.0, 500.0, 500.0, 0.5, 5000.0, 500.0, 500.0, 3.0, 3000.0, 500.0, 500.0, 1.0, 0.0, 0.0, 0.0, 0.0, 0.0, 0.0, 0.0, 0.0]"
251,0.020805000,192.168.2.102,192.168.2.101,200,200,8,8,66,71,34370,39039,3,3,"[1.0, 6.0]"
252,0.019403000,192.168.2.102,192.168.2.101,300,300,2,2,66,65,34370,56301,3,3,[0.0]
253,0.025012000,192.168.2.102,192.168.2.101,0,0,152,152,66,215,34370,45245,3,3,"[1.0, 2.0, 3.0, 4.0, 5.0, 6.0, 7.0, 8.0, 9.0, 10.0, 11.0, 12.0, 13.0, 14.0, 15.0, 16.0, 17.0, 18.0, 19.0, 20.0, 21.0, 22.0, 23.0, 24.0, 25.0, 26.0, 27.0, 28.0, 29.0, 30.0, 31.0, 32.0, 33.0, 34.0, 1.0, 0.0, 0.0, 0.0]"
254,0.014294000,192.168.2.102,192.168.2.101,100,100,82,82,66,145,34370,4968,3,3,"[15.0, 1.0, 500.0, 500.0, 0.5, 5000.0, 500.0, 500.0, 3.0, 3000.0, 500.0, 500.0, 1.0, 0.0, 0.0, 0.0, 0.0, 0.0, 0.0, 0.0, 0.0]"
255,0.017325000,192.168.2.102,192.168.2.101,200,200,8,8,66,71,34370,37687,3,3,"[1.0, 6.0]"
256,0.021206000,192.168.2.102,192.168.2.101,300,300,2,2,66,65,34370,54949,3,3,[0.0]
257,0.021678000,192.168.2.102,192.168.2.101,0,0,152,152,66,215,34370,43893,3,3,"[1.0, 2.0, 3.0, 4.0, 5.0, 6.0, 7.0, 8.0, 9.0, 10.0, 11.0, 12.0, 13.0, 14.0, 15.0, 16.0, 17.0, 18.0, 19.0, 20.0, 21.0, 22.0, 23.0, 24.0, 25.0, 26.0, 27.0, 28.0, 29.0, 30.0, 31.0, 32.0, 33.0, 34.0, 1.0, 0.0, 0.0, 0.0]"
258,0.017087000,192.168.2.102,192.168.2.101,100,100,82,82,66,145,34370,3616,3,3,"[15.0, 1.0, 500.0, 500.0, 0.5, 5000.0, 500.0, 500.0, 3.0, 3000.0, 500.0, 500.0, 1.0, 0.0, 0.0, 0.0, 0.0, 0.0, 0.0, 0.0, 0.0]"
259,0.020186000,192.168.2.102,192.168.2.101,200,200,8,8,66,71,34370,36335,3,3,"[1.0, 6.0]"
260,0.018779000,192.168.2.102,192.168.2.101,300,300,2,2,66,65,34370,53597,3,3,[0.0]
261,0.017531000,192.168.2.102,192.168.2.101,0,0,152,152,66,215,34370,42541,3,3,"[1.0, 2.0, 3.0, 4.0, 5.0, 6.0, 7.0, 8.0, 9.0, 10.0, 11.0, 12.0, 13.0, 14.0, 15.0, 16.0, 17.0, 18.0, 19.0, 20.0, 21.0, 22.0, 23.0, 24.0, 25.0, 26.0, 27.0, 28.0, 29.0, 30.0, 31.0, 32.0, 33.0, 34.0, 1.0, 0.0, 0.0, 0.0]"
262,0.020107000,192.168.2.102,192.168.2.101,100,100,82,82,66,145,34370,2264,3,3,"[15.0, 1.0, 500.0, 500.0, 0.5, 5000.0, 500.0, 500.0, 3.0, 3000.0, 500.0, 500.0, 1.0, 0.0, 0.0, 0.0, 0.0, 0.0, 0.0, 0.0, 0.0]"
263,0.017711000,192.168.2.102,192.168.2.101,200,200,8,8,66,71,34370,34983,3,3,"[1.0, 6.0]"
264,0.017502000,192.168.2.102,192.168.2.101,300,300,2,2,66,65,34370,52245,3,3,[0.0]
265,0.080895000,192.168.2.102,192.168.2.101,0,0,152,152,66,215,34370,41189,3,3,"[1.0, 2.0, 3.0, 4.0, 5.0, 6.0, 7.0, 8.0, 9.0, 10.0, 11.0, 12.0, 13.0, 14.0, 15.0, 16.0, 17.0, 18.0, 19.0, 20.0, 21.0, 22.0, 23.0, 24.0, 25.0, 26.0, 27.0, 28.0, 29.0, 30.0, 31.0, 32.0, 33.0, 34.0, 1.0, 0.0, 0.0, 0.0]"
266,0.135158000,192.168.2.102,192.168.2.101,100,100,82,82,66,145,34370,912,3,3,"[15.0, 1.0, 500.0, 500.0, 0.5, 5000.0, 500.0, 500.0, 3.0, 3000.0, 500.0, 500.0, 1.0, 0.0, 0.0, 0.0, 0.0, 0.0, 0.0, 0.0, 0.0]"
267,0.056679000,192.168.2.102,192.168.2.101,200,200,8,8,66,71,34370,33631,3,3,"[1.0, 6.0]"
268,0.149810000,192.168.2.102,192.168.2.101,300,300,2,2,66,65,34370,50893,3,3,[0.0]
269,0.131480000,192.168.2.102,192.168.2.101,0,0,152,152,66,215,34370,39837,3,3,"[1.0, 2.0, 3.0, 4.0, 5.0, 6.0, 7.0, 8.0, 9.0, 10.0, 11.0, 12.0, 13.0, 14.0, 15.0, 16.0, 17.0, 18.0, 19.0, 20.0, 21.0, 22.0, 23.0, 24.0, 25.0, 26.0, 27.0, 28.0, 29.0, 30.0, 31.0, 32.0, 33.0, 34.0, 1.0, 0.0, 0.0, 0.0]"
270,0.018690000,192.168.2.102,192.168.2.101,100,100,82,82,66,145,34370,65095,3,3,"[15.0, 1.0, 500.0, 500.0, 0.5, 5000.0, 500.0, 500.0, 3.0, 3000.0, 500.0, 500.0, 1.0, 0.0, 0.0, 0.0, 0.0, 0.0, 0.0, 0.0, 0.0]"
271,0.016656000,192.168.2.102,192.168.2.101,200,200,8,8,66,71,34370,32279,3,3,"[1.0, 6.0]"
272,0.139073000,192.168.2.102,192.168.2.101,300,300,2,2,66,65,34370,49541,3,3,[0.0]
273,0.038835000,192.168.2.102,192.168.2.101,0,0,152,152,66,215,34370,38485,3,3,"[1.0, 2.0, 3.0, 4.0, 5.0, 6.0, 7.0, 8.0, 9.0, 10.0, 11.0, 12.0, 13.0, 14.0, 15.0, 16.0, 17.0, 18.0, 19.0, 20.0, 21.0, 22.0, 23.0, 24.0, 25.0, 26.0, 27.0, 28.0, 29.0, 30.0, 31.0, 32.0, 33.0, 34.0, 1.0, 0.0, 0.0, 0.0]"
274,0.082258000,192.168.2.102,192.168.2.101,100,100,82,82,66,145,34370,63743,3,3,"[15.0, 1.0, 500.0, 500.0, 0.5, 5000.0, 500.0, 500.0, 3.0, 3000.0, 500.0, 500.0, 1.0, 0.0, 0.0, 0.0, 0.0, 0.0, 0.0, 0.0, 0.0]"
275,0.016223000,192.168.2.102,192.168.2.101,200,200,8,8,66,71,34370,30927,3,3,"[1.0, 6.0]"
276,0.022599000,192.168.2.102,192.168.2.101,300,300,2,2,66,65,34370,48189,3,3,[0.0]
277,0.021778000,192.168.2.102,192.168.2.101,0,0,152,152,66,215,34370,37133,3,3,"[1.0, 2.0, 3.0, 4.0, 5.0, 6.0, 7.0, 8.0, 9.0, 10.0, 11.0, 12.0, 13.0, 14.0, 15.0, 16.0, 17.0, 18.0, 19.0, 20.0, 21.0, 22.0, 23.0, 24.0, 25.0, 26.0, 27.0, 28.0, 29.0, 30.0, 31.0, 32.0, 33.0, 34.0, 1.0, 0.0, 0.0, 0.0]"
278,0.016692000,192.168.2.102,192.168.2.101,100,100,82,82,66,145,34370,62391,3,3,"[15.0, 1.0, 500.0, 500.0, 0.5, 5000.0, 500.0, 500.0, 3.0, 3000.0, 500.0, 500.0, 1.0, 0.0, 0.0, 0.0, 0.0, 0.0, 0.0, 0.0, 0.0]"
279,0.018165000,192.168.2.102,192.168.2.101,200,200,8,8,66,71,34370,29575,3,3,"[1.0, 6.0]"
280,0.018648000,192.168.2.102,192.168.2.101,300,300,2,2,66,65,34370,46837,3,3,[0.0]
281,0.020081000,192.168.2.102,192.168.2.101,0,0,152,152,66,215,34370,35781,3,3,"[1.0, 2.0, 3.0, 4.0, 5.0, 6.0, 7.0, 8.0, 9.0, 10.0, 11.0, 12.0, 13.0, 14.0, 15.0, 16.0, 17.0, 18.0, 19.0, 20.0, 21.0, 22.0, 23.0, 24.0, 25.0, 26.0, 27.0, 28.0, 29.0, 30.0, 31.0, 32.0, 33.0, 34.0, 1.0, 0.0, 0.0, 0.0]"
282,0.020623000,192.168.2.102,192.168.2.101,100,100,82,82,66,145,34370,61039,3,3,"[15.0, 1.0, 500.0, 500.0, 0.5, 5000.0, 500.0, 500.0, 3.0, 3000.0, 500.0, 500.0, 1.0, 0.0, 0.0, 0.0, 0.0, 0.0, 0.0, 0.0, 0.0]"
283,0.015901000,192.168.2.102,192.168.2.101,200,200,8,8,66,71,34370,28223,3,3,"[1.0, 6.0]"
284,0.017506000,192.168.2.102,192.168.2.101,300,300,2,2,66,65,34370,45485,3,3,[0.0]
285,0.023650000,192.168.2.102,192.168.2.101,0,0,152,152,66,215,34370,34429,3,3,"[1.0, 2.0, 3.0, 4.0, 5.0, 6.0, 7.0, 8.0, 9.0, 10.0, 11.0, 12.0, 13.0, 14.0, 15.0, 16.0, 17.0, 18.0, 19.0, 20.0, 21.0, 22.0, 23.0, 24.0, 25.0, 26.0, 27.0, 28.0, 29.0, 30.0, 31.0, 32.0, 33.0, 34.0, 1.0, 0.0, 0.0, 0.0]"
286,0.016645000,192.168.2.102,192.168.2.101,100,100,82,82,66,145,34370,59687,3,3,"[15.0, 1.0, 500.0, 500.0, 0.5, 5000.0, 500.0, 500.0, 3.0, 3000.0, 500.0, 500.0, 1.0, 0.0, 0.0, 0.0, 0.0, 0.0, 0.0, 0.0, 0.0]"
287,0.018720000,192.168.2.102,192.168.2.101,200,200,8,8,66,71,34370,26871,3,3,"[1.0, 6.0]"
288,0.018065000,192.168.2.102,192.168.2.101,300,300,2,2,66,65,34370,44133,3,3,[0.0]
289,0.018678000,192.168.2.102,192.168.2.101,0,0,152,152,66,215,34370,33077,3,3,"[1.0, 2.0, 3.0, 4.0, 5.0, 6.0, 7.0, 8.0, 9.0, 10.0, 11.0, 12.0, 13.0, 14.0, 15.0, 16.0, 17.0, 18.0, 19.0, 20.0, 21.0, 22.0, 23.0, 24.0, 25.0, 26.0, 27.0, 28.0, 29.0, 30.0, 31.0, 32.0, 33.0, 34.0, 1.0, 0.0, 0.0, 0.0]"
290,0.017866000,192.168.2.102,192.168.2.101,100,100,82,82,66,145,34370,58335,3,3,"[15.0, 1.0, 500.0, 500.0, 0.5, 5000.0, 500.0, 500.0, 3.0, 3000.0, 500.0, 500.0, 1.0, 0.0, 0.0, 0.0, 0.0, 0.0, 0.0, 0.0, 0.0]"
291,0.017027000,192.168.2.102,192.168.2.101,200,200,8,8,66,71,34370,25519,3,3,"[1.0, 6.0]"
292,0.021391000,192.168.2.102,192.168.2.101,300,300,2,2,66,65,34370,42781,3,3,[0.0]
293,0.016733000,192.168.2.102,192.168.2.101,0,0,152,152,66,215,34370,31725,3,3,"[1.0, 2.0, 3.0, 4.0, 5.0, 6.0, 7.0, 8.0, 9.0, 10.0, 11.0, 12.0, 13.0, 14.0, 15.0, 16.0, 17.0, 18.0, 19.0, 20.0, 21.0, 22.0, 23.0, 24.0, 25.0, 26.0, 27.0, 28.0, 29.0, 30.0, 31.0, 32.0, 33.0, 34.0, 1.0, 0.0, 0.0, 0.0]"
294,0.018016000,192.168.2.102,192.168.2.101,100,100,82,82,66,145,34370,56983,3,3,"[15.0, 1.0, 500.0, 500.0, 0.5, 5000.0, 500.0, 500.0, 3.0, 3000.0, 500.0, 500.0, 1.0, 0.0, 0.0, 0.0, 0.0, 0.0, 0.0, 0.0, 0.0]"
295,0.019788000,192.168.2.102,192.168.2.101,200,200,8,8,66,71,34370,24167,3,3,"[1.0, 6.0]"
296,0.016437000,192.168.2.102,192.168.2.101,300,300,2,2,66,65,34370,41429,3,3,[0.0]
297,0.017437000,192.168.2.102,192.168.2.101,0,0,152,152,66,215,34370,30373,3,3,"[1.0, 2.0, 3.0, 4.0, 5.0, 6.0, 7.0, 8.0, 9.0, 10.0, 11.0, 12.0, 13.0, 14.0, 15.0, 16.0, 17.0, 18.0, 19.0, 20.0, 21.0, 22.0, 23.0, 24.0, 25.0, 26.0, 27.0, 28.0, 29.0, 30.0, 31.0, 32.0, 33.0, 34.0, 1.0, 0.0, 0.0, 0.0]"
298,0.021395000,192.168.2.102,192.168.2.101,100,100,82,82,66,145,34370,55631,3,3,"[15.0, 1.0, 500.0, 500.0, 0.5, 5000.0, 500.0, 500.0, 3.0, 3000.0, 500.0, 500.0, 1.0, 0.0, 0.0, 0.0, 0.0, 0.0, 0.0, 0.0, 0.0]"
299,0.016153000,192.168.2.102,192.168.2.101,200,200,8,8,66,71,34370,22815,3,3,"[1.0, 6.0]"
300,0.016700000,192.168.2.102,192.168.2.101,300,300,2,2,66,65,34370,40077,3,3,[0.0]
301,0.021038000,192.168.2.102,192.168.2.101,0,0,152,152,66,215,34370,29021,3,3,"[1.0, 2.0, 3.0, 4.0, 5.0, 6.0, 7.0, 8.0, 9.0, 10.0, 11.0, 12.0, 13.0, 14.0, 15.0, 16.0, 17.0, 18.0, 19.0, 20.0, 21.0, 22.0, 23.0, 24.0, 25.0, 26.0, 27.0, 28.0, 29.0, 30.0, 31.0, 32.0, 33.0, 34.0, 1.0, 0.0, 0.0, 0.0]"
302,0.015471000,192.168.2.102,192.168.2.101,100,100,82,82,66,145,34370,54279,3,3,"[15.0, 1.0, 500.0, 500.0, 0.5, 5000.0, 500.0, 500.0, 3.0, 3000.0, 500.0, 500.0, 1.0, 0.0, 0.0, 0.0, 0.0, 0.0, 0.0, 0.0, 0.0]"
303,0.017246000,192.168.2.102,192.168.2.101,200,200,8,8,66,71,34370,21463,3,3,"[1.0, 6.0]"
304,0.020048000,192.168.2.102,192.168.2.101,300,300,2,2,66,65,34370,38725,3,3,[0.0]
305,0.018004000,192.168.2.102,192.168.2.101,0,0,152,152,66,215,34370,27669,3,3,"[1.0, 2.0, 3.0, 4.0, 5.0, 6.0, 7.0, 8.0, 9.0, 10.0, 11.0, 12.0, 13.0, 14.0, 15.0, 16.0, 17.0, 18.0, 19.0, 20.0, 21.0, 22.0, 23.0, 24.0, 25.0, 26.0, 27.0, 28.0, 29.0, 30.0, 31.0, 32.0, 33.0, 34.0, 1.0, 0.0, 0.0, 0.0]"
306,0.018210000,192.168.2.102,192.168.2.101,100,100,82,82,66,145,34370,52927,3,3,"[15.0, 1.0, 500.0, 500.0, 0.5, 5000.0, 500.0, 500.0, 3.0, 3000.0, 500.0, 500.0, 1.0, 0.0, 0.0, 0.0, 0.0, 0.0, 0.0, 0.0, 0.0]"
307,0.016330000,192.168.2.102,192.168.2.101,200,200,8,8,66,71,34370,20111,3,3,"[1.0, 6.0]"
308,0.018503000,192.168.2.102,192.168.2.101,300,300,2,2,66,65,34370,37373,3,3,[0.0]
309,0.017908000,192.168.2.102,192.168.2.101,0,0,152,152,66,215,34370,26317,3,3,"[1.0, 2.0, 3.0, 4.0, 5.0, 6.0, 7.0, 8.0, 9.0, 10.0, 11.0, 12.0, 13.0, 14.0, 15.0, 16.0, 17.0, 18.0, 19.0, 20.0, 21.0, 22.0, 23.0, 24.0, 25.0, 26.0, 27.0, 28.0, 29.0, 30.0, 31.0, 32.0, 33.0, 34.0, 1.0, 0.0, 0.0, 0.0]"
310,0.020234000,192.168.2.102,192.168.2.101,100,100,82,82,66,145,34370,51575,3,3,"[15.0, 1.0, 500.0, 500.0, 0.5, 5000.0, 500.0, 500.0, 3.0, 3000.0, 500.0, 500.0, 1.0, 0.0, 0.0, 0.0, 0.0, 0.0, 0.0, 0.0, 0.0]"
311,0.015121000,192.168.2.102,192.168.2.101,200,200,8,8,66,71,34370,18759,3,3,"[1.0, 6.0]"
312,0.020059000,192.168.2.102,192.168.2.101,300,300,2,2,66,65,34370,36021,3,3,[0.0]
313,0.014084000,192.168.2.102,192.168.2.101,0,0,152,152,66,215,34370,24965,3,3,"[1.0, 2.0, 3.0, 4.0, 5.0, 6.0, 7.0, 8.0, 9.0, 10.0, 11.0, 12.0, 13.0, 14.0, 15.0, 16.0, 17.0, 18.0, 19.0, 20.0, 21.0, 22.0, 23.0, 24.0, 25.0, 26.0, 27.0, 28.0, 29.0, 30.0, 31.0, 32.0, 33.0, 34.0, 1.0, 0.0, 0.0, 0.0]"
314,0.018823000,192.168.2.102,192.168.2.101,100,100,82,82,66,145,34370,50223,3,3,"[15.0, 1.0, 500.0, 500.0, 0.5, 5000.0, 500.0, 500.0, 3.0, 3000.0, 500.0, 500.0, 1.0, 0.0, 0.0, 0.0, 0.0, 0.0, 0.0, 0.0, 0.0]"
315,0.019316000,192.168.2.102,192.168.2.101,200,200,8,8,66,71,34370,17407,3,3,"[1.0, 6.0]"
316,0.017864000,192.168.2.102,192.168.2.101,300,300,2,2,66,65,34370,34669,3,3,[0.0]
